{
"robot_type":"DQ_SerialManipulatorDH",
"angle_mode":"degree",
"theta":[180, 90, -90, 0, 0, 0],
"d":[0.072, 0, 0.020, 0.1775, -0.0645, 0.0605],
"a":[0, 0.165, 0.012, 0, 0, -0.0105],
"alpha":[90, 0, -90, 90, -90, 90],
"types":[0,0,0,0,0,0],
"lower_q_limit":[-149,-49,19,-169,-94,-169],
"upper_q_limit":[149,99,139,169,134,169],
"lower_q_dot_limit":[-5, -5, -5, -5, -5, -5],
"upper_q_dot_limit":[5, 5, 5, 5, 5, 5],
"effector":[ 0.0,  0.707106781186547572737310929369,
  0.707106781186547794781915854401,  0.0,
 -0.0, 0.067821439810726580343924752015,
  -0.067821439810726566466136944200,  0.0],
"reference_frame":[7.071067811865472397e-01,
1.053671123954514522e-08,
3.161013283045707385e-08,
-7.071067811865472397e-01,
1.196778582097928617e-01,
4.822466106052711310e-02,
1.653215313662149966e-01,
1.196778663188437786e-01]
}
